likes,retweets,recipe_name,author,key_tip,ingredients,text,query
1500,300,김치볶음밥,@CookingMaster,김치를 충분히 볶아서 김치의 맛을 잘 살리세요.,"김치, 밥, 참기름, 간장, 대파, 계란","집에서 간단하게 만들 수 있는 김치볶음밥 레시피! 재료는 김치, 밥, 참기름, 간장, 대파, 그리고 계란이면 충분해요. 김치를 볶다가 밥을 넣고 잘 섞은 후, 참기름과 간장을 넣어 간을 맞춰주세요. 대파를 넣고 마지막에 계란프라이를 얹으면 완성! #레시피 #김치볶음밥",레시피 인기
1500,300,마약김밥,@cook_master,밥을 얇게 펴는 것이 포인트! 그래야 김밥이 쫀득하게 잘 말린답니다.,"밥, 참기름, 소금, 김, 소고기, 단무지, 시금치, 당근","집에서도 쉽게 만들 수 있는 '마약김밥' 레시피! 밥에 참기름과 소금을 넣어 버무려 주세요. 김에 밥을 얇게 펴고, 소고기, 단무지, 시금치, 당근을 올려 돌돌 말아주면 끝! 간단하면서도 맛있는 김밥 완성!",요리 꿀팁
1500,300,마늘 바게트,@easycooking,마늘을 잘게 다져서 버터와 잘 섞어 바르세요!,"바게트, 마늘, 버터, 파슬리","집에서 간단하게 만들 수 있는 마늘 바게트! 재료는 바게트, 마늘, 버터, 파슬리뿐! 오븐에 10분만 구우면 끝! #간단요리 #마늘바게트",간단 요리법
1500,300,고추장 불고기,@cookingqueen,고추장 양을 조절해서 맛을 내세요!,"소고기, 고추장",자취생 필수! 10분이면 뚝딱! 고추장 불고기 레시피 공유합니다. 고기랑 고추장만 있으면 돼요~,자취생 요리
1500,300,냉면,@FoodLover,육수를 미리 차갑게 준비해두면 더 맛있어요!,"냉면 면, 육수, 고기, 오이, 계란, 식초, 설탕, 고추장",집에서 간단하게 만들 수 있는 면요리! 냉면 레시피 공유합니다. 물냉면과 비빔냉면 모두 가능해요! 재료는 간단하고 맛은 끝내줘요. #냉면 #면요리 #레시피,면요리 레시피
1500,300,크림 파스타,@homechef_kr,생크림을 넣기 전에 마늘을 충분히 볶아 향을 내세요.,"스파게티, 생크림, 파마산 치즈, 마늘, 소금, 후추",집에서 간단하게 만들 수 있는 크림 파스타! 생크림과 파마산 치즈를 사용해 부드럽고 고소한 맛을 낼 수 있어요. #파스타 #크림파스타 #집밥,파스타 레시피
1500,300,시저 샐러드,@HealthyEats,레몬즙을 충분히 뿌려 신선한 맛을 더해주세요!,"시저, 방울토마토, 아보카도, 올리브오일, 레몬즙","집에서 간단하게 만들 수 있는 샐러드 레시피! 🥗

재료: 시zer, 방울토마토, 아보카도, 올리브오일, 레몬즙

만드는 법: 시zer를 잘게 썰고, 방울토마토와 아보카도를 큼직하게 자른 후, 올리브오일과 레몬즙을 뿌려줍니다. 간단하지만 맛있어요!",샐러드 레시피
1500,300,매콤한 떡볶이,@foodlover,고추장과 간장의 비율을 2:1로 맞추면 맛있어요!,"떡, 고추장, 간장, 설탕, 양파, 어묵",야식으로 딱! 매콤한 떡볶이 레시피 공유합니다. 집에서도 간편하게 만들 수 있어요! #야식 #떡볶이 #레시피,야식 만들기
1250,350,간단 떡볶이,@homecook_kim,"고추장, 간장, 설탕의 비율을 2:1:1로 맞추면 맛있어요!","떡, 고추장, 간장, 설탕","집에서 간단하게 만들 수 있는 떡볶이 레시피! 고추장, 간장, 설탕을 잘 섞어서 떡과 함께 끓이면 끝! #떡볶이 #집밥",떡볶이 레시피
1200,250,불닭볶음면,@SpicyFoodLover,채소를 충분히 볶아서 불맛을 더해주세요.,"불닭볶음면, 양파, 양배추, 당근, 치즈","초간단! 집에서도 만들 수 있는 불닭볶음면 레시피 공개! 재료는 불닭볶음면, 양파, 양배추, 당근, 그리고 치즈! 면을 끓인 후, 채소를 넣고 볶다가 치즈를 뿌리면 완성! #레시피 #불닭볶음면",레시피 인기
1200,250,에그인헬,@foodie_kim,달걀 노른자가 살짝 익을 때까지 약불로 조리하는 것이 포인트!,"토마토 소스, 달걀, 바질, 파마산 치즈","초간단 '에그인헬' 레시피 공유합니다! 토마토 소스에 달걀을 넣고, 약불로 익혀주세요. 바질과 파마산 치즈를 뿌리면 완성! 집에서도 이탈리아 레스토랑 같은 맛을 느껴보세요!",요리 꿀팁
1200,250,달걀 토스트,@breakfastlover,달걀을 부칠 때 약불로 천천히 익히세요!,"달걀, 빵, 버터, 소금","간단한 아침 식사로 추천하는 달걀 토스트! 달걀, 빵, 버터, 소금만 있으면 끝! #간단요리 #달걀토스트",간단 요리법
1200,250,김치볶음밥,@easycooking,김치를 잘게 썰어 볶으면 더 맛있어요!,"김치, 밥",자취생을 위한 간단하고 맛있는 김치볶음밥 레시피! 김치랑 밥이면 충분해요~,자취생 요리
1200,250,짜장면,@HomeChef,소스를 충분히 볶아야 깊은 맛이 나요!,"짜장면 면, 돼지고기, 양파, 감자, 당근, 오이, 짜장 소스",오늘은 제가 사랑하는 짜장면 레시피를 공유할게요! 집에서도 맛있는 짜장면을 만들 수 있어요. #짜장면 #면요리 #레시피,면요리 레시피
1200,250,토마토 파스타,@italianfoodie,토마토를 충분히 익혀서 달콤한 맛을 내세요.,"스파게티, 토마토, 바질, 마늘, 올리브 오일, 소금",토마토 파스타는 언제 먹어도 맛있죠! 신선한 토마토와 바질을 사용해 이탈리아 본연의 맛을 느낄 수 있어요. #파스타 #토마토파스타 #홈쿡,파스타 레시피
1200,250,치킨 시저 샐러드,@SaladLover,치킨을 살짝 구워서 바삭한 식감을 더해주세요!,"치킨, 양상추, 파마산 치즈, 크루통, 시저 드레싱","이번 주말에 만들어 볼만한 샐러드 레시피 추천! 🥗

재료: 치킨, 양상추, 파마산 치즈, 크루통, 시저 드레싱

만드는 법: 양상추를 잘게 썰고, 치킨을 구워서 올린 후, 파마산 치즈와 크루통을 뿌리고 시저 드레싱을 곁들여주세요!",샐러드 레시피
1200,250,치즈 신라면,@ramenfan,라면이 끓기 전에 치즈를 넣으면 더 맛있어요!,"신라면, 치즈, 계란",야식으로 제일 좋은 라면! 오늘은 신라면에 치즈를 넣어봤어요. 진짜 맛있어요! #야식 #라면 #치즈라면,야식 만들기
1100,200,갈릭 버터 새우,@seafood_lover,마늘의 향이 잘 배도록 버터와 충분히 볶아주세요.,"버터, 다진 마늘, 새우, 레몬즙","집에서도 간단하게 '갈릭 버터 새우'를 만들어보세요! 버터에 다진 마늘을 볶아 향을 낸 후, 새우를 넣고 볶아주면 끝! 레몬즙을 뿌리면 더욱 맛있어요!",요리 꿀팁
1100,200,페스토 파스타,@healthyeats,바질 페스토는 신선한 바질을 사용해 직접 만들면 더 맛있어요.,"스파게티, 바질 페스토, 파마산 치즈, 올리브 오일, 소금, 후추","아기자기한 숲속의 요정 같은 파스타, 페스토 파스타! 바질 페스토와 파마산 치즈로 만들어 건강하고 맛있어요. #파스타 #페스토파스타 #건강식",파스타 레시피
1000,200,떡볶이,@StreetFoodFan,떡이 충분히 익을 때까지 끓여주세요.,"떡, 양파, 어묵, 고추장, 간장, 설탕, 물","집에서 간단하게 만들 수 있는 떡볶이 레시피! 재료는 떡, 양파, 어묵, 고추장, 간장, 설탕, 물이면 충분해요. 떡과 채소를 넣고 끓이다가 양념을 넣어 간을 맞춰주세요. #레시피 #떡볶이",레시피 인기
1000,180,아보카도 토스트,@healthy_eats,"아보카도를 으깨서 바를 때, 레몬즙을 조금 넣으면 산뜻한 맛이 더해져요.","아보카도, 토스트, 소금, 후추, 레몬즙","집에서 간단하게 '아보카도 토스트'를 만들어보세요! 아보카도를 으깨서 토스트에 바르고, 소금과 후추로 간을 맞춘 후, 레몬즙을 뿌리면 끝! 건강하고 맛있는 아침 식사 완성!",요리 꿀팁
1000,180,바나나 케이크,@dessertlover,바나나를 으깨서 반죽에 잘 섞어주세요!,"바나나, 밀가루, 달걀, 설탕","간단한 디저트로 추천하는 바나나 케이크! 바나나, 밀가루, 달걀, 설탕만 있으면 끝! #간단요리 #바나나케이크",간단 요리법
1000,200,계란말이,@quickmeals,계란을 잘 풀어서 부드럽게 만들어 주세요!,"계란, 소금",자취생 필수 요리! 15분이면 끝나는 계란말이 레시피 공유합니다. 계란이랑 소금만 있으면 돼요~,자취생 요리
1000,200,비빔국수,@SummerEats,양념장을 미리 만들어 두면 더 맛있어요!,"국수, 고추장, 식초, 설탕, 깨, 오이, 당근, 계란",여름에 딱! 시원한 비빔국수 레시피입니다. 재료 준비만 잘하면 정말 간단해요! #비빔국수 #면요리 #레시피,면요리 레시피
1000,180,김치 파스타,@fusionchef,김치를 충분히 볶아 매콤한 맛을 내세요.,"스파게티, 김치, 마늘, 고추장, 올리브 오일, 소금",매콤한 맛이 일품인 김치 파스타! 한국의 김치와 이탈리아의 파스타가 만나 신기한 조화를 이룹니다. #파스타 #김치파스타 #퓨전요리,파스타 레시피
1000,200,시금치 딸기 샐러드,@BreakfastIdeas,딸기를 충분히 넣어 달콤한 맛을 더해주세요!,"시금치, 딸기, 호두, 발사믹 드레싱","건강한 아침 식사로 딱인 샐러드 레시피! 🥗

재료: 시금치, 딸기, 호두, 발사믹 드레싱

만드는 법: 시금치를 잘게 썰고, 딸기와 호두를 올린 후, 발사믹 드레싱을 뿌려주세요. 간단하지만 영양 만점!",샐러드 레시피
1000,180,고구마치즈구이,@sweettooth,고구마를 완전히 익힌 후 치즈를 올려 녹이면 더 맛있어요!,"고구마, 치즈, 꿀",야식으로 딱! 고구마치즈구이 레시피 공유합니다. 간단하지만 맛있어요! #야식 #고구마 #치즈,야식 만들기
980,220,매콤달콤 떡볶이,@foodie_lee,양파와 당근을 넣으면 더 깊은 맛이 나요!,"떡, 고추장, 간장, 설탕, 양파, 당근",매콤달콤한 떡볶이 레시피 공유합니다! 양파와 당근을 넣어서 더 맛있게! #떡볶이 #요리,떡볶이 레시피
950,150,불닭볶음면,@spicy_food,치즈를 뿌리면 매운맛이 중화되면서 더 맛있어요!,"불닭볶음면, 양념장, 치즈","집에서도 쉽게 만들 수 있는 '불닭볶음면' 레시피! 불닭볶음면을 물에 5분간 삶은 후, 물기를 빼고, 양념장을 넣어 볶아주세요. 치즈를 뿌리면 더욱 맛있어요!",요리 꿀팁
900,180,파스타,@PastaLover,마늘을 충분히 볶아서 향을 내세요.,"스파게티, 토마토소스, 마늘, 올리브오일, 파마산치즈","집에서 간단하게 만들 수 있는 파스타 레시피! 재료는 스파게티, 토마토소스, 마늘, 올리브오일, 파마산치즈면 충분해요. 스파게티를 삶은 후, 마늘을 볶아 토마토소스를 넣고, 면을 넣어 잘 섞어주세요. 마지막에 파마산치즈를 뿌리면 완성! #레시피 #파스타",레시피 인기
900,150,토마토 파스타,@pastalover,마늘을 충분히 볶아서 향을 내세요!,"스파게티, 토마토소스, 마늘, 올리브오일","집에서 간단하게 만들 수 있는 파스타! 스파게티, 토마토소스, 마늘, 올리브오일만 있으면 OK! #간단요리 #파스타",간단 요리법
900,180,라면,@ramenlover,라면에 계란을 넣으면 더 맛있어요!,라면,자취생을 위한 간단하고 맛있는 라면 요리법! 라면만 있으면 돼요~,자취생 요리
900,150,라면,@RamenFan,마지막에 참기름 한 방울이면 더 맛있어요!,"라면, 물, 계란, 김치, 파, 햄",집에서 간단하게 만들 수 있는 라면 레시피! 맛있게 먹는 법 공유합니다. #라면 #면요리 #레시피,면요리 레시피
900,150,카보나라 파스타,@easyrecipes,파스타를 익힌 후 달걀 노른자를 넣고 빠르게 섞어주세요.,"스파게티, 베이컨, 파마산 치즈, 달걀 노른자, 소금, 후추","고소한 치즈와 베이컨의 조화, 카보나라 파스타! 집에서도 쉽게 만들 수 있는 레시피입니다. #파스타 #카보나라 #집밥",파스타 레시피
900,180,수박 페타 샐러드,@SummerRecipes,민트를 충분히 넣어 상큼한 맛을 더해주세요!,"수박, 페타 치즈, 민트, 올리브오일","여름철 시원하게 먹기 좋은 샐러드 레시피! 🥗

재료: 수박, 페타 치즈, 민트, 올리브오일

만드는 법: 수박을 큼직하게 자르고, 페타 치즈와 민트를 올린 후, 올리브오일을 뿌려주세요. 시원하고 상큼해요!",샐러드 레시피
900,150,집에서 만드는 핫도그,@snacktime,소시지를 충분히 익힌 후 튀기면 더 맛있어요!,"소시지, 핫도그빵, 밀가루, 달걀, 빵가루",야식으로 제일 좋은 간식! 오늘은 핫도그를 집에서 만들어봤어요. #야식 #핫도그 #레시피,야식 만들기
870,180,치즈 떡볶이,@cheeselover_park,치즈를 넣기 전에 떡볶이가 충분히 끓으면 더 잘 녹아요!,"떡, 고추장, 간장, 설탕, 치즈",치즈 떡볶이 레시피! 치즈를 넣어서 더 맛있게! #떡볶이 #치즈떡볶이,떡볶이 레시피
800,150,김치찌개,@KoreanFoodie,김치를 충분히 볶아서 맛을 잘 내세요.,"김치, 돼지고기, 두부, 양파, 대파, 고추장, 고춧가루, 간장, 물","집에서 간단하게 만들 수 있는 김치찌개 레시피! 재료는 김치, 돼지고기, 두부, 양파, 대파, 고추장, 고춧가루, 간장, 물이면 충분해요. 김치와 돼지고기를 볶다가 물을 넣고 끓이다가 나머지 재료를 넣어주세요. #레시피 #김치찌개",레시피 인기
800,150,떡볶이,@spicyfood,고추장 양을 조절해서 매운맛을 조절하세요!,"떡, 고추장",자취생 필수! 20분이면 뚝딱! 떡볶이 레시피 공유합니다. 떡이랑 고추장만 있으면 돼요~,자취생 요리
800,100,쌀국수,@VietFood,육수를 오랫동안 끓여야 깊은 맛이 나요!,"쌀국수 면, 육수, 고기, 허브, 라임, 고추",간단하고 맛있는 쌀국수 레시피 공유합니다. 베트남 스타일로 만들어보세요! #쌀국수 #면요리 #레시피,면요리 레시피
800,150,그릭 샐러드,@SimpleSalads,레드 와인 식초를 충분히 뿌려 신선한 맛을 더해주세요!,"양상추, 토마토, 오이, 레드 와인 식초, 올리브오일","간단하지만 맛있는 샐러드 레시피! 🥗

재료: 양상추, 토마토, 오이, 레드 와인 식초, 올리브오일

만드는 법: 양상추, 토마토, 오이를 잘게 썰고, 레드 와인 식초와 올리브오일을 뿌려주세요. 간단하지만 맛있어요!",샐러드 레시피
750,150,해물 떡볶이,@seafood_fan,해물은 마지막에 넣어서 너무 오래 익히지 마세요!,"떡, 고추장, 간장, 설탕, 새우, 오징어",해물 떡볶이 레시피! 새우와 오징어를 넣어서 더 맛있게! #떡볶이 #해물떡볶이,떡볶이 레시피
680,120,매운 떡볶이,@spicy_food,고춧가루를 조금씩 추가하면서 맛을 조절하세요!,"떡, 고추장, 간장, 설탕, 고춧가루",매운 떡볶이 레시피! 고춧가루를 더 넣어서 더 매콤하게! #떡볶이 #매운떡볶이,떡볶이 레시피
523,120,김치볶음밥,@homecook_kim,김치의 수분을 충분히 제거한 후 볶으면 더 맛있어요.,"김치, 밥, 간장, 참기름",집에서 간단하게 만들 수 있는 김치볶음밥 레시피! 김치와 밥만 있으면 누구나 쉽게 만들 수 있어요. 간장과 참기름으로 맛을 내면 더 맛있어요! #집밥 #김치볶음밥,집밥 레시피
523,120,계란말이,@easyrecipe,대파를 먼저 볶아 향을 더해주세요.,"달걀 3개, 소금, 설탕, 참기름, 대파","초간단 레시피 공유합니다! 집에서 간단하게 만들 수 있는 '계란말이' 레시피예요. 재료는 달걀 3개, 소금, 설탕, 참기름, 대파 조금이면 돼요. 달걀을 풀고 소금, 설탕을 넣어 섞은 후, 팬에 참기름을 두르고 대파를 볶아요. 그 위에 달걀물을 붓고 말아주면 끝! 너무 간단하죠?",초간단 레시피
523,120,제육볶음,@homecook_kim,고기를 충분히 볶아서 부드럽게 만드는 것,"돼지고기, 양파, 고추장, 간장, 설탕, 마늘, 참기름","집에서 간단하게 만들 수 있는 제육볶음 레시피! 돼지고기, 양파, 고추장, 간장, 설탕, 마늘, 참기름을 준비해주세요. 고기를 볶다가 양파와 양념을 넣고 볶으면 끝! 꿀팁은 고기를 충분히 볶아서 부드럽게 만드는 것!",볶음요리 레시피
523,120,간단 약과,@homebaking_kr,참기름을 충분히 넣어 고소한 맛을 살리세요.,"밀가루, 꿀, 참기름","집에서 간단하게 약과 만들기! 밀가루, 꿀, 참기름만 있으면 끝! #홈베이킹 #약과",약과 만들기
523,120,홈메이드 탕후루,@homechef_kim,"과일을 너무 오래 담가두지 말고, 얼릴 때 빠르게 얼리세요!","딸기, 오렌지, 포도, 설탕, 물","집에서 간단하게 탕후루 만들기! 🍓🍊🍇 과일을 꼬치에 꽂고, 설탕물에 담가서 얼리기만 하면 끝! #탕후루 #홈쿠킹",탕후루
523,120,크로플,@BakingQueen,크루아상 반죽을 얇게 펴서 와플 메이커에 넣으면 더 바삭하게 완성됩니다.,"크루아상 반죽, 시럽",크로플 만들기! 집에서 간단하게 만들 수 있는 크로플 레시피 공유합니다. 크루아상 반죽을 와플 메이커에 넣고 구우면 끝! 달콤한 시럽과 함께 드세요. #크로플 #홈베이킹,크로플
523,120,저칼로리 닭가슴살 샐러드,@HealthyEats,드레싱은 저칼로리 드레싱을 사용하세요!,"닭가슴살, 양상추, 토마토, 오이, 드레싱",저칼로리 닭가슴살 샐러드 레시피! 닭가슴살과 채소를 듬뿍 넣어 건강하고 맛있게 다이어트 하세요! #다이어트레시피 #저칼로리,다이어트 레시피
523,120,닭가슴살 스테이크,@HealthyEats,닭가슴살을 얇게 썰어 빠르게 익히면 부드럽게 즐길 수 있어요.,"닭가슴살, 소금, 후추, 올리브 오일, 마늘",단백질 가득한 닭가슴살 스테이크! 건강하고 맛있게 즐겨보세요. 간단한 레시피로 집에서도 쉽게 만들 수 있어요. #닭가슴살 #단백질요리 #건강식단,단백질 요리
523,120,삼겹살 김치볶음밥,@foodlover_kim,김치를 충분히 볶아서 물기를 날려주세요.,"삼겹살, 김치, 밥, 간장, 참기름",오늘의 점심 도시락은 삼겹살 김치볶음밥! 간단하지만 맛있어요. #점심도시락 #레시피,점심 도시락
523,120,김치볶음밥,@foodlover_kim,김치를 충분히 볶아서 김치의 맛을 잘 살려주세요.,"김치, 밥, 참기름, 고추장, 계란","오늘 저녁은 간단하게 '김치볶음밥' 어떠세요? 냉장고에 있는 김치로 만들 수 있는 최고의 요리! 재료는 김치, 밥, 참기름, 고추장, 그리고 계란이면 충분해요. 김치를 볶다가 밥을 넣고 잘 섞은 후, 참기름과 고추장을 넣어 맛을 낸 후, 계란프라이를 얹으면 완성! 간단하지만 맛있는 저녁메뉴로 추천드려요!",저녁메뉴 추천
523,120,매콤 두부 튀김,@foodlover_kim,두부를 물기를 제거한 후 튀기면 더 바삭하게 튀길 수 있어요.,"두부, 튀김가루, 고추장, 간장, 설탕, 마늘","두부를 이렇게 조리하면 맛있어요! 두부를 한 입 크기로 썰어서 튀김옷을 입혀 튀기고, 매콤한 양념장을 곁들여 먹으면 최고! #두부요리 #집밥",두부요리
523,120,소고기 볶음밥,@cooking_kim,간장과 참기름으로 간을 하면 맛이 더 좋아져요!,"소고기, 양파, 당근, 버섯, 밥, 간장, 참기름","소고기 볶음밥 레시피! 소고기, 양파, 당근, 버섯을 볶아서 밥과 함께 볶아주세요. 간장과 참기름으로 간을 하면 맛있어요! #소고기요리 #볶음밥",소고기 요리
520,120,김치볶음밥,@foodlover123,김치를 충분히 볶아서 김치의 물기를 날려주세요!,"김치, 밥, 기름, 간장",혼밥 요리로 딱 좋은 간단한 김치볶음밥 레시피! 냉장고에 있는 김치와 밥만 있으면 10분 만에 뚝딱! #혼밥 #김치볶음밥,혼밥 요리
520,120,간단 떡볶이,@foodlover,고추장 대신 고춧가루를 사용하면 더 맛있어요!,"떡, 고추장, 양파, 양배추, 물",야식으로 딱 좋은 간단한 떡볶이 레시피! 집에 있는 재료로 10분이면 뚝딱! #야식 #떡볶이 #레시피,야식 레시피
520,120,부대찌개,@cooking_kim,고추장과 된장의 비율을 1:1로 맞추면 깊은 맛이 난다.,"소세지, 햄, 두부, 양파, 대파, 고춧가루, 고추장, 된장, 마늘, 물","집에서 간단하게 만들 수 있는 국물요리! 부대찌개 레시피 공유합니다. 소세지, 햄, 두부, 양파, 대파, 고춧가루, 고추장, 된장, 마늘, 물을 넣고 끓이면 끝! 맛있게 드세요!",국물요리 레시피
520,120,김치찌개,@cook_master,김치는 충분히 익은 걸로 사용하세요,"김치 300g, 돼지고기 200g, 두부 1/2모, 양파 1/2개, 대파 1대, 고춧가루 1큰술, 다진 마늘 1큰술, 멸치액젓 1큰술, 물 3컵","김치찌개 레시피 공유합니다! 김치 300g, 돼지고기 200g, 두부 1/2모, 양파 1/2개, 대파 1대, 고춧가루 1큰술, 다진 마늘 1큰술, 멸치액젓 1큰술, 물 3컵을 넣고 끓이면 끝! 김치는 충분히 익은 걸로 사용하세요~",찌개 레시피
520,120,김치볶음,@CookingMama,김치를 충분히 볶아서 물기를 날려주세요.,"김치, 돼지고기, 양파, 대파, 고추장, 설탕, 참기름","집에서 간단하게 만들 수 있는 김치볶음! 재료는 김치, 돼지고기, 양파, 대파, 고추장, 설탕, 참기름이면 충분해요. 김치를 볶다가 돼지고기를 넣고, 양파와 대파를 넣어 볶아주세요. 고추장과 설탕으로 간을 맞추고, 마지막에 참기름을 넣어주면 완성! 정말 맛있어요~",반찬 만들기
520,120,깻잎장아찌,@home_cook_kim,하루만에 완성되는 간편한 레시피,"깻잎 20장, 고춧가루 2큰술, 다진 마늘 1큰술, 설탕 1큰술, 식초 1/2컵, 물 1/2컵","집밥의 정석! 간단하고 맛있는 깻잎장아찌 레시피 공유합니다! 깻잎 20장, 고춧가루 2큰술, 다진 마늘 1큰술, 설탕 1큰술, 식초 1/2컵, 물 1/2컵을 섞어 하루만에 완성! #밑반찬 #레시피",밑반찬 레시피
520,120,불고기 덮밥,@cookinglover,고기를 충분히 재워서 부드럽게 만들어주세요.,"소고기, 양파, 당근, 대파, 간장, 설탕, 마늘, 참기름","집에서 간단하게 만들 수 있는 '불고기 덮밥' 레시피 공유합니다! 소고기, 양파, 당근, 대파를 준비해서 간장, 설탕, 마늘, 참기름으로 양념한 후 볶아주세요. 밥 위에 올려서 먹으면 끝! #요리 #레시피",일품요리
520,120,집에서 만드는 마라탕,@CookingMaster,마라탕 소스를 잘 섞어서 사용하는 것이 포인트!,"다진 마늘, 고추기름, 마라탕 소스, 채소","마라탕 만들기! 집에서도 간단하게 만들 수 있는 마라탕 레시피 공유합니다. 재료는 다진 마늘, 고추기름, 마라탕 소스, 채소 등이 필요해요. 마라탕 소스를 잘 섞어서 맛있게 드세요!",마라탕 만들기
520,120,오븐 치킨,@HomeCookMaster,닭고기를 충분히 마리네이드하면 더 맛있어요!,"닭고기 1kg, 소금, 후추, 마늘 가루","집에서 간단하게 치킨 만들기! 닭고기 1kg에 소금, 후추, 마늘 가루를 넣고 잘 버무려요. 180도 예열된 오븐에서 40분 정도 구우면 끝! #홈쿡 #치킨레시피",치킨 만들기
520,120,시금치 오믈렛,@HealthyEats,시금치는 충분히 데쳐서 물기를 제거한 후 사용하세요.,"시금치, 달걀, 소금, 후추",건강한 아침 식사를 위해 만든 시금치 오믈렛! 시금치와 달걀의 조합이 완벽해요. #건강식 #요리 #오믈렛,건강식 요리
520,120,에그 베네딕트,@foodlover,포카치아 빵을 살짝 구워서 바삭하게 만들어주세요.,"포카치아 빵, 포ached egg, 홀랜다이즈 소스, 햄",아침식사로 완벽한 에그 베네딕트! 홈메이드 홀랜다이즈 소스와 함께 즐겨보세요. #아침식사 #레시피,아침식사 레시피
520,120,바나나 머핀,@bakinglover,바나나를 충분히 으깨서 반죽에 골고루 섞이도록 하세요.,"바나나, 밀가루, 달걀, 설탕, 버터, 베이킹파우더","집에서 간단하게 만들 수 있는 바나나 머핀 레시피! 재료는 바나나, 밀가루, 달걀, 설탕, 버터, 베이킹파우더만 있으면 돼요. 바나나를 으깨서 다른 재료와 잘 섞은 후, 머핀 틀에 넣고 180도에서 20분 정도 구워주세요. 달콤하고 부드러운 맛이 일품이에요! #간식레시피 #홈베이킹",간식 레시피
520,120,계란말이,@cook_with_me,팬을 자주 흔들어주면서 말아주면 더 부드럽게 완성됩니다.,"달걀 4개, 소금, 설탕, 대파, 당근, 햄","간단하고 맛있는 계란말이 레시피! 달걀 4개, 소금, 설탕, 대파, 당근, 햄을 준비해주세요. 달걀을 풀고 소금과 설탕을 넣어 섞은 후, 팬에 기름을 두르고 대파, 당근, 햄을 볶아요. 달걀물을 부어가며 말아주면 완성! 팁은 팬을 자주 흔들어주면서 말아주면 더 부드럽게 완성됩니다.",계란요리
520,120,돼지고기 김치찜,@homecook_kim,김치를 충분히 볶아서 맛을 내는 것,"김치, 돼지고기, 양파, 대파, 고추장, 간장, 설탕, 참기름, 마늘, 물","집에서 간단하게 만들 수 있는 돼지고기 김치찜 레시피! 김치와 돼지고기의 환상적인 조합을 맛보세요. 재료는 김치, 돼지고기, 양파, 대파, 고추장, 간장, 설탕, 참기름, 마늘, 물입니다. 김치를 볶아서 돼지고기를 넣고, 양념을 더해 끓이면 완성! 김치찜의 비법은 김치를 충분히 볶아서 맛을 내는 것!",돼지고기 요리
489,98,토마토 파스타,@quickmeals,마늘을 충분히 볶아 향을 내세요.,"스파게티 면, 토마토, 마늘, 올리브 오일, 소금, 후추, 파마산 치즈","오늘의 초간단 레시피는 '토마토 파스타'입니다! 재료는 스파게티 면, 토마토, 마늘, 올리브 오일, 소금, 후추, 파마산 치즈가 필요해요. 면을 삶고, 팬에 올리브 오일을 두르고 마늘을 볶은 후, 토마토를 넣어 볶아요. 면을 넣고 소금, 후추로 간을 맞춘 후, 파마산 치즈를 뿌리면 완성!",초간단 레시피
480,95,무쌈,@daily_kitchen,하루 숙성으로 맛이 깊어짐,"무 1/2개, 고춧가루 2큰술, 다진 마늘 1큰술, 설탕 1큰술, 식초 1/2컵, 물 1/2컵","매일 먹어도 질리지 않는 무쌈 레시피! 무 1/2개, 고춧가루 2큰술, 다진 마늘 1큰술, 설탕 1큰술, 식초 1/2컵, 물 1/2컵을 섞어 하루 숙성! #밑반찬 #레시피",밑반찬 레시피
456,98,크림파스타,@homechef_lee,"크림 소스를 너무 오래 끓이지 말고, 파스타면은 알덴테로 삶아주세요.","베이컨, 양파, 마늘, 크림, 파스타면","집에서 간단하게 '파스타' 만들기! 베이컨, 양파, 마늘, 크림, 파스타면이면 충분해요. 베이컨을 볶다가 양파와 마늘을 넣고, 크림을 넣어 소스를 만들어요. 파스타면을 삶아서 소스와 잘 섞으면 끝! 간단하지만 맛있는 저녁메뉴로 추천드려요!",저녁메뉴 추천
450,90,라면 떡볶이,@ramenfan,라면 스프를 조금만 넣고 간장으로 간을 맞추면 더 맛있어요!,"라면, 떡, 양파, 양배추, 간장",야식으로 딱! 집에서 간단하게 만들 수 있는 라면 떡볶이 레시피 공유합니다. #야식 #라면떡볶이 #레시피,야식 레시피
450,90,김치찌개,@foodie_lee,김치는 충분히 익은 것을 사용하면 더 맛있어집니다.,"김치, 돼지고기, 두부, 양파, 대파, 고춧가루, 마늘, 물","추운 겨울에 딱! 얼큰한 김치찌개 레시피! 김치, 돼지고기, 두부, 양파, 대파, 고춧가루, 마늘, 물을 넣고 끓이면 끝! 간단하지만 맛있는 김치찌개 완성!",국물요리 레시피
450,98,닭볶음탕,@cook_with_lee,감자를 적당한 크기로 잘라서 넣는 것,"닭, 감자, 양파, 고추장, 간장, 마늘, 물","오늘은 간단하게 만들 수 있는 닭볶음탕 레시피를 공유합니다! 닭, 감자, 양파, 고추장, 간장, 마늘, 물을 준비해주세요. 닭을 볶다가 나머지 재료를 넣고 끓이면 완성! 꿀팁은 감자를 적당한 크기로 잘라서 넣는 것!",볶음요리 레시피
450,90,된장찌개,@foodie_kim,된장은 미리 풀어서 넣으면 더 맛있어요,"된장 3큰술, 두부 1/2모, 감자 1개, 양파 1/2개, 애호박 1/2개, 대파 1대, 다진 마늘 1큰술, 멸치다시마육수 4컵","된장찌개 레시피! 된장 3큰술, 두부 1/2모, 감자 1개, 양파 1/2개, 애호박 1/2개, 대파 1대, 다진 마늘 1큰술, 멸치다시마육수 4컵을 넣고 끓이세요. 된장은 미리 풀어서 넣으면 더 맛있어요!",찌개 레시피
450,90,김치찌개,@koreanfoodie,김치는 충분히 익은 것을 사용하세요.,"김치, 돼지고기, 두부, 양파, 대파","오늘의 레시피는 '김치찌개'입니다! 김치, 돼지고기, 두부, 양파, 대파를 준비해서 끓이면 끝! 간단하지만 맛있는 한 끼 식사 완성! #요리 #레시피",일품요리
450,98,제육볶음,@korean_foodie,고추장과 간장의 비율을 2:1로 맞춰주세요!,"돼지고기, 양파, 고추장, 간장, 설탕, 마늘, 대파","오늘은 제육볶음 만들기! 돼지고기, 양파, 고추장, 간장, 설탕, 마늘, 대파를 준비해서 볶아주면 끝! 고추장과 간장의 비율이 중요한데, 고추장 2: 간장 1 비율로! #제육볶음 #한식 #레시피",밥요리
450,90,간장 치킨,@CookingQueen,하루 동안 재우면 더 깊은 맛이 나요!,"닭고기, 간장, 설탕, 매실청","최고의 치킨 레시피 공개! 닭고기에 간장, 설탕, 매실청을 넣고 하루 동안 재운 후, 200도 오븐에서 30분 구우면 완성! #치킨 #레시피",치킨 만들기
450,98,오트밀 스무디,@FitFoodie,치아시드는 영양가가 높아 다이어트에 좋습니다!,"오트밀, 바나나, 아몬드밀크, 치아시드",다이어트 중이라면 이 오트밀 스무디를 꼭 시도해보세요! 간단하고 맛있어요! #다이어트 #오트밀스무디,다이어트 레시피
450,90,퀴노아 샐러드,@NutritionistKim,퀴노아는 충분히 씻어서 쓴맛을 제거한 후 사용하세요.,"퀴노아, 채소, 올리브오일, 레몬즙",집에서 쉽게 만들 수 있는 퀴노아 샐러드! 영양 만점이에요. #건강식 #퀴노아 #샐러드,건강식 요리
450,90,초코칩 쿠키,@cookiequeen,"반죽을 너무 많이 치대지 말고, 오븐에서 꺼낸 후에도 약간 부드러운 상태로 두었다가 식히세요.","버터, 설탕, 달걀, 밀가루, 베이킹소다, 초코칩","초간단 초코칩 쿠키 레시피 공유합니다! 버터, 설탕, 달걀, 밀가루, 베이킹소다, 초코칩만 있으면 돼요. 버터와 설탕을 잘 섞은 후, 달걀을 넣고 다시 섞어요. 나머지 재료를 넣고 반죽한 후, 오븐에서 10분 정도 구우면 끝! #간식레시피 #쿠키",간식 레시피
450,90,돼지고기 갈비찜,@foodie_lee,양념에 충분히 재워서 맛을 입히는 것,"돼지갈비, 양파, 당근, 감자, 대파, 마늘, 생강, 간장, 설탕, 물엿, 참기름, 후추","돼지고기 갈비찜 레시피 공유합니다! 돼지갈비, 양파, 당근, 감자, 대파, 마늘, 생강, 간장, 설탕, 물엿, 참기름, 후추를 준비하세요. 갈비를 양념에 재워서 끓이면 끝! 갈비찜의 비법은 양념에 충분히 재워서 맛을 입히는 것!",돼지고기 요리
450,98,소고기 스테이크,@steak_master,중불에서 3분씩 앞뒤로 굽는 것이 포인트!,"소고기, 소금, 후추","소고기 스테이크 레시피 공유합니다! 소고기를 중불에서 3분씩 앞뒤로 굽고, 소금과 후추로 간을 해주세요. #소고기요리 #스테이크",소고기 요리
389,95,계란말이,@egglover_lee,"계란을 잘 풀어주고, 중불로 천천히 익혀주세요.","계란, 설탕, 간장",오늘의 집밥 메뉴는 계란말이! 간단하지만 맛있는 요리입니다. 설탕과 간장으로 간을 맞추면 더 맛있어요. #집밥 #계란말이,집밥 레시피
389,76,된장찌개,@koreanfood_jang,된장은 끓기 전에 넣어주세요. 너무 오래 끓이면 맛이 변할 수 있어요.,"된장, 두부, 양파, 감자, 애호박, 마늘, 고추","오늘 저녁은 '된장찌개' 어떠세요? 냉장고에 있는 재료로 간단하게 만들 수 있어요. 된장, 두부, 양파, 감자, 애호박, 마늘, 고추가면 충분해요. 물을 넣고 된장을 풀어주고, 나머지 재료를 넣어 끓이면 끝! 간단하지만 맛있는 저녁메뉴로 추천드려요!",저녁메뉴 추천
387,95,두부 스크램블,@ProteinPower,두부를 잘게 부수어 스크램블처럼 조리하면 맛있어요.,"두부, 양파, 파프리카, 소금, 후추",단백질 보충에 딱! 고단백 두부 스크램블! 아침 식사로 제격이에요. #두부 #단백질 #아침식사,단백질 요리
380,90,계란말이,@easycooking,계란을 잘 섞어서 부드럽게 말아주세요!,"계란, 소금, 기름, 대파",혼밥족을 위한 간단 레시피! 계란말이로 든든하게! #혼밥 #계란말이,혼밥 요리
380,75,김치볶음밥,@koreanfoodie,참기름을 마지막에 넣으면 더 맛있어요!,"김치, 밥, 간장, 참기름, 계란",야식으로 딱 좋은 김치볶음밥 레시피! 집에 있는 김치로 간단하게 만들어보세요. #야식 #김치볶음밥 #레시피,야식 레시피
380,75,해물탕,@seafood_chef,해물은 신선한 것을 사용하면 더 맛있어요.,"새우, 조개, 꽃게, 대파, 고추, 마늘, 고춧가루, 물","집에서 간단하게! 얼큰한 해물탕 레시피! 새우, 조개, 꽃게, 대파, 고추, 마늘, 고춧가루, 물을 넣고 끓이면 끝! 해물탕 완성!",국물요리 레시피
380,85,불고기,@bulgogi_master,고기를 충분히 재워서 맛을 살려주는 것,"소고기, 양파, 당근, 간장, 설탕, 마늘, 참기름","집에서 간단하게 만들 수 있는 불고기 레시피! 소고기, 양파, 당근, 간장, 설탕, 마늘, 참기름을 준비해주세요. 고기를 볶다가 양파와 당근을 넣고 양념을 더해주면 끝! 꿀팁은 고기를 충분히 재워서 맛을 살려주는 것!",볶음요리 레시피
380,85,부대찌개,@chef_lee,라면사리는 마지막에 넣어주세요,"햄 100g, 소시지 100g, 라면사리 1개, 두부 1/2모, 양파 1/2개, 대파 1대, 고춧가루 1큰술, 다진 마늘 1큰술, 고추장 1큰술, 물 4컵","부대찌개 레시피 공유! 햄 100g, 소시지 100g, 라면사리 1개, 두부 1/2모, 양파 1/2개, 대파 1대, 고춧가루 1큰술, 다진 마늘 1큰술, 고추장 1큰술, 물 4컵을 넣고 끓이세요. 라면사리는 마지막에 넣어주세요!",찌개 레시피
380,90,두부조림,@EasyRecipes,두부는 너무 오래 조리지 않도록 주의하세요.,"두부, 양파, 대파, 간장, 설탕, 물, 참기름","오늘은 두부조림 만들기! 두부, 양파, 대파, 간장, 설탕, 물, 참기름이 필요해요. 두부를 적당한 크기로 잘라 양파와 함께 볶다가, 간장, 설탕, 물을 넣어 조려주세요. 대파를 넣고 마지막에 참기름을 넣어주면 끝! 간단하면서도 맛있는 반찬이에요.",반찬 만들기
380,75,갈비찜,@homechef,갈비는 충분히 끓여서 부드럽게 만들어주세요.,"소갈비, 양파, 당근, 감자, 간장, 설탕, 마늘, 생강","집에서 '갈비찜' 만들기! 소갈비, 양파, 당근, 감자를 준비해서 간장, 설탕, 마늘, 생강으로 양념한 후 끓이면 끝! #요리 #레시피",일품요리
380,75,오므라이스,@easy_cooking,달걀은 우유와 섞어서 부드럽게 익혀주세요!,"밥, 케첩, 양파, 햄, 달걀, 우유, 소금, 버터","간단한 오므라이스 레시피 공유합니다! 밥, 케첩, 양파, 햄, 달걀, 우유, 소금, 버터가 필요해요. 밥과 케첩, 양파, 햄을 볶아서 오므라이스 속을 만들고, 달걀과 우유를 섞어서 부드럽게 익혀주세요! #오므라이스 #집밥 #레시피",밥요리
380,75,양념 치킨,@FoodieLife,양념장을 골고루 발라주세요!,"닭고기, 양념장",집에서도 맛있는 양념치킨을 만들 수 있어요! 닭고기에 양념장을 발라 180도 오븐에서 45분 구우면 끝! #양념치킨 #홈쿡,치킨 만들기
380,75,두부 스테이크,@HealthyChef,두부는 물기를 제거한 후 조리하면 더 맛있어요!,"두부, 양파, 마늘, 간장, 올리브오일",저녁 대용으로 완벽한 두부 스테이크! 맛있고 건강한 다이어트 식단에 추천합니다! #다이어트레시피 #두부스테이크,다이어트 레시피
380,75,그릭 요거트 보울,@FitFoodie,"베리는 신선한 것을 사용하고, 견과류는 로스팅해서 더 맛있게 즐기세요.","그릭 요거트, 베리, 견과류, 꿀",다이어트 중이라면 이 그릭 요거트 보울을 추천해요! #건강식 #요거트 #다이어트,건강식 요리
380,75,팝콘,@snacktime,팝콘을 팝핑할 때 뚜껑을 살짝 열어두면 터지는 소리를 들을 수 있어요.,"팝콘 커널, 버터, 소금","집에서 간단하게 만들 수 있는 팝콘! 팝콘 커널과 버터, 소금만 있으면 돼요. 팬에 기름을 두르고 팝콘 커널을 넣어 팝핑시킨 후, 녹인 버터와 소금을 뿌려주세요. 영화 보는 동안 최고의 간식이죠! #간식레시피 #팝콘",간식 레시피
380,85,닭가슴살 샐러드,@SaladLover,"드레싱은 가볍게, 채소는 신선하게!","닭가슴살, 채소, 드레싱","닭가슴살 샐러드 만들기! 닭가슴살을 삶아서 찢고, 신선한 채소와 함께 드레싱을 곁들이면 완성! #닭가슴살 #샐러드 #다이어트",닭가슴살 요리
380,75,돼지고기 볶음밥,@korean_food,밥을 볶을 때 간장을 조금씩 넣어가면서 간을 맞추는 것,"돼지고기, 양파, 당근, 대파, 간장, 설탕, 참기름, 후추, 밥","돼지고기 볶음밥 레시피! 돼지고기, 양파, 당근, 대파, 간장, 설탕, 참기름, 후추, 밥을 준비하세요. 돼지고기를 볶아서 밥과 함께 볶으면 완성! 볶음밥의 비법은 밥을 볶을 때 간장을 조금씩 넣어가면서 간을 맞추는 것!",돼지고기 요리
380,75,소고기 미역국,@healthy_eats,미역을 충분히 불려서 사용하면 더 부드러워요!,"소고기, 미역, 물","소고기 미역국 레시피! 소고기를 넣고 끓인 미역국은 영양 만점! 미역을 물에 불리고, 소고기와 함께 끓여주세요. #소고기요리 #미역국",소고기 요리
350,75,감자전,@homecooking,감자를 얇게 펼쳐 구우면 바삭하게 완성됩니다.,"감자 2개, 소금, 후추, 식용유","초간단 '감자전' 레시피 공유합니다! 재료는 감자 2개, 소금, 후추, 식용유가 필요해요. 감자를 강판에 갈아 소금, 후추로 간을 맞춘 후, 팬에 식용유를 두르고 얇게 펼쳐 구워주면 돼요. 간단하지만 맛있는 감자전 완성!",초간단 레시피
350,70,오이무침,@easy_recipe,바로 먹기 좋은 간단한 레시피,"오이 2개, 고춧가루 1큰술, 다진 마늘 1/2큰술, 설탕 1큰술, 식초 1/2컵, 참기름 1큰술","간단하고 맛있는 오이무침 레시피! 오이 2개, 고춧가루 1큰술, 다진 마늘 1/2큰술, 설탕 1큰술, 식초 1/2컵, 참기름 1큰술을 섞어 바로 먹기 좋게! #밑반찬 #레시피",밑반찬 레시피
350,80,간단 마라탕,@FoodLover,소스와 기름을 잘 섞는 것이 중요해요!,"마라탕 소스, 고추기름, 채소",마라탕 레시피 공유합니다! 마라탕 소스와 고추기름을 잘 섞어서 채소와 함께 볶아주면 끝! 집에서도 간단하게 만들 수 있어요. #마라탕 #레시피,마라탕 만들기
350,80,계란후라이,@easy_breakfast,"중불에서 천천히 익혀주고, 노른자가 살짝 익었을 때 소금을 뿌려주세요.","달걀, 기름, 소금","아침에 간단하게 먹기 좋은 계란후라이! 팁은 기름을 충분히 두르고, 중불에서 천천히 익혀주세요. 달걀 노른자가 살짝 익었을 때 소금을 살짝 뿌려주면 더 맛있어요!",계란요리
345,89,달걀라면,@ramenlover,라면이 끓기 시작할 때 달걀을 넣어주세요!,"라면, 달걀, 물",원룸에서 간편하게! 라면에 달걀 하나만 넣어도 맛있는 달걀라면! #원룸요리 #달걀라면,원룸 요리
345,89,전통 약과,@traditional_kitchen,찹쌀가루를 잘 반죽하여 부드러운 식감을 유지하세요.,"찹쌀가루, 꿀, 소금","전통 약과 레시피 공유합니다! 찹쌀가루와 꿀, 그리고 약간의 소금이면 완벽한 약과를 만들 수 있어요! #전통요리 #약과",약과 만들기
345,89,과일 탕후루,@foodie_lee,"설탕물이 너무 진하지 않게, 적당한 농도로 맞추세요!","체리, 복숭아, 설탕, 물","탕후루 레시피 공유합니다! 🍒🍑 과일을 깨끗이 씻고, 설탕물을 끓여서 식힌 후 과일을 담가주세요. #탕후루 #레시피",탕후루
345,89,크로플,@HomeChef,와플 메이커를 미리 예열하면 더 고르게 익습니다.,크루아상 반죽,집에서 크로플 만들기! 크루아상 반죽을 와플 메이커에 넣고 구우면 끝! 간단하면서도 맛있는 간식입니다. #크로플 #레시피,크로플
345,89,닭가슴살 샐러드,@healthyeats,닭가슴살은 미리 삶아서 식혀두면 편리해요.,"닭가슴살, 양상추, 방울토마토, 드레싱",오늘은 닭가슴살 샐러드 도시락을 준비했어요. 다이어트 중인 분들께 추천해요! #다이어트도시락 #레시피,점심 도시락
345,87,두부 스테이크,@healthy_eats,"두부를 굽기 전에 물기를 제거하고, 소스를 충분히 졸여서 뿌리면 더 맛있어요.","두부, 간장, 올리브오일, 마늘, 설탕, 후추","간단하게 만들 수 있는 두부 스테이크! 두부를 굽고, 소스를 뿌려 먹으면 건강하고 맛있는 한 끼 완성! #두부스테이크 #건강식",두부요리
321,65,제육볶음,@spicyfood_park,고기를 충분히 볶아서 양념이 잘 배이도록 해주세요.,"돼지고기, 양파, 고추장, 간장, 설탕, 마늘, 참기름","집에서 간단하게 '제육볶음' 만들기! 돼지고기, 양파, 고추장, 간장, 설탕, 마늘, 참기름이면 충분해요. 돼지고기를 볶다가 양파를 넣고, 양념장을 넣어 잘 섞으면 끝! 간단하지만 맛있는 저녁메뉴로 추천드려요!",저녁메뉴 추천
320,60,치즈 라볶이,@cheeselover,치즈를 마지막에 넣어서 녹여주면 더 맛있어요!,"라면, 떡, 치즈, 양파, 양배추",야식으로 딱! 집에서 간단하게 만들 수 있는 치즈 라볶이 레시피 공유합니다. #야식 #치즈라볶이 #레시피,야식 레시피
320,60,된장찌개,@korean_food,된장은 충분히 익혀서 쓴맛을 없애는 것이 중요해요.,"두부, 감자, 양파, 대파, 마늘, 된장, 물","간단하지만 맛있는 된장찌개 레시피! 두부, 감자, 양파, 대파, 마늘, 된장, 물을 넣고 끓이면 끝! 된장찌개 완성!",국물요리 레시피
320,60,된장찌개,@koreanhomecook,된장은 충분히 풀어주세요.,"된장, 두부, 양파, 대파, 애호박","오늘의 요리는 '된장찌개'입니다! 된장, 두부, 양파, 대파, 애호박을 준비해서 끓이면 끝! 간단하지만 깊은 맛이 나는 한 끼 식사 완성! #요리 #레시피",일품요리
320,60,허브 치킨,@HerbChef,허브를 충분히 사용하면 향이 좋아요!,"닭고기, 로즈마리, 타임, 올리브 오일","간단한 허브 치킨 레시피! 닭고기에 로즈마리, 타임, 올리브 오일을 넣고 190도 오븐에서 35분 구우면 완성! #허브치킨 #레시피",치킨 만들기
320,60,방울토마토 파스타,@DietRecipes,방울토마토는 신선한 것이 맛있어요!,"방울토마토, 파스타, 올리브오일, 바질, 마늘",다이어트 중에도 맛있게 먹을 수 있는 방울토마토 파스타! 간단하고 건강해요! #다이어트레시피 #방울토마토파스타,다이어트 레시피
320,60,채소 스무디,@GreenSmoothie,바나나를 넣으면 단맛이 나서 채소 맛을 덜 느끼게 도와줘요.,"시금치, 케일, 바나나, 아몬드밀크",채소가 가득한 건강한 스무디! 아침에 한 잔이면 하루가 달라져요. #건강식 #스무디 #채소,건강식 요리
320,60,치즈 스틱,@cheeselover,"치즈를 너무 오래 튀기지 말고, 바삭하게 튀긴 후 바로 먹어야 쫄깃함이 살아나요.","모짜렐라 치즈, 밀가루, 달걀, 빵가루","집에서 간단하게 만들 수 있는 치즈 스틱! 모짜렐라 치즈, 밀가루, 달걀, 빵가루만 있으면 돼요. 치즈를 잘라 밀가루, 달걀, 빵가루 순서로 묻혀 튀기면 끝! 바삭하고 쫄깃한 맛이 일품이에요. #간식레시피 #치즈스틱",간식 레시피
320,60,돼지고기 두루치기,@spicy_food,양념을 충분히 섞어서 고기와 잘 어우러지게 하는 것,"돼지고기, 양파, 대파, 고추장, 고춧가루, 간장, 설탕, 마늘, 참기름, 물","돼지고기 두루치기 레시피! 돼지고기, 양파, 대파, 고추장, 고춧가루, 간장, 설탕, 마늘, 참기름, 물을 준비하세요. 돼지고기를 양념에 재워서 볶으면 끝! 두루치기의 비법은 양념을 충분히 섞어서 고기와 잘 어우러지게 하는 것!",돼지고기 요리
320,60,소고기 불고기,@korean_foodie,소고기를 얇게 썰어 양념에 충분히 재우는 것이 중요해요!,"소고기, 양파, 고추, 양념",소고기 불고기 레시피! 소고기를 얇게 썰어 양념에 재워주세요. 양파와 고추를 넣고 볶으면 완성! #소고기요리 #불고기,소고기 요리
312,60,김치찌개,@koreanfood,김치는 충분히 볶아 맛을 내세요.,"김치, 돼지고기, 두부, 양파, 마늘, 고춧가루, 참기름, 물","초간단 '김치찌개' 레시피 공유합니다! 재료는 김치, 돼지고기, 두부, 양파, 마늘, 고춧가루, 참기름, 물이 필요해요. 냄비에 참기름을 두르고 돼지고기를 볶은 후, 김치와 양파, 마늘을 넣고 볶아요. 물을 붓고 고춧가루로 간을 맞춘 후, 두부를 넣고 끓이면 끝!",초간단 레시피
300,60,양파장아찌,@home_chef,하루 숙성으로 맛이 깊어짐,"양파 2개, 식초 1컵, 물 1컵, 설탕 2큰술, 소금 1큰술","집밥의 필수! 간단하고 맛있는 양파장아찌 레시피! 양파 2개, 식초 1컵, 물 1컵, 설탕 2큰술, 소금 1큰술을 섞어 하루 숙성! #밑반찬 #레시피",밑반찬 레시피
298,72,닭가슴살 샐러드,@FitFoodie,닭가슴살을 미리 준비해 두면 시간 절약에 좋아요.,"닭가슴살, 양상추, 토마토, 오이, 드레싱",단백질 폭탄! 닭가슴살 샐러드 만들기! 다이어트 중에도 맛있게 먹을 수 있어요. #닭가슴살 #샐러드 #단백질,단백질 요리
298,54,부대찌개,@army_stew_kim,"햄과 소시지는 너무 오래 끓이지 말고, 중간에 넣어주세요.","햄, 소시지, 라면사리, 양파, 김치, 고추, 된장","오늘 저녁은 '부대찌개' 어떠세요? 냉장고에 있는 재료로 간단하게 만들 수 있어요. 햄, 소시지, 라면사리, 양파, 김치, 고추, 된장이면 충분해요. 물을 넣고 된장을 풀어주고, 나머지 재료를 넣어 끓이면 끝! 간단하지만 맛있는 저녁메뉴로 추천드려요!",저녁메뉴 추천
298,75,김치두부볶음,@koreanhomecooking,두부를 으깨기 전에 물기를 제거하면 더 맛있게 볶을 수 있어요.,"두부, 김치, 참기름, 간장, 대파",두부를 활용한 간단한 요리! 두부를 으깨서 김치와 함께 볶아주면 맛있는 김치두부볶음 완성! #김치두부볶음 #집밥,두부요리
297,78,두부조림,@tofu_master,두부를 충분히 끓여주면 더 부드럽게 조림할 수 있어요.,"두부, 양파, 간장","집밥으로 제일 쉬운 요리, 두부조림! 두부와 양파, 간장만 있으면 누구나 쉽게 만들 수 있어요. #집밥 #두부조림",집밥 레시피
290,55,김치전,@koreanhomecook,김치를 잘게 썰어주면 더 맛있어요!,"김치, 밀가루, 물, 파, 참기름",야식으로 딱 좋은 간단한 김치전 레시피! 집에 있는 김치로 10분이면 뚝딱! #야식 #김치전 #레시피,야식 레시피
290,55,삼겹살 구이,@bbqlover,삼겹살은 충분히 익혀서 먹어주세요.,"삼겹살, 양파, 마늘, 고추장","집에서 '삼겹살 구이' 만들기! 삼겹살, 양파, 마늘, 고추장을 준비해서 구우면 끝! 간단하지만 맛있는 한 끼 식사 완성! #요리 #레시피",일품요리
290,55,비빔밥,@bibimbap_lover,각 재료를 따로 볶아서 밥 위에 올려주세요!,"밥, 고추장, 참기름, 소고기, 당근, 시금치, 숙주, 달걀","간단한 비빔밥 레시피! 밥, 고추장, 참기름, 소고기, 당근, 시금치, 숙주, 달걀을 준비해서 각각 볶아주고, 밥 위에 올려서 비벼주면 끝! #비빔밥 #한식 #레시피",밥요리
290,55,치킨너겟,@NuggetLover,기름 온도를 잘 맞춰주세요!,"닭고기, 빵가루, 달걀","집에서 만드는 치킨너겟! 닭고기를 다진 후, 빵가루와 달걀물에 묻혀 180도 기름에서 튀기면 끝! #치킨너겟 #홈쿡",치킨 만들기
290,55,저칼로리 김치찌개,@KoreanDiet,고추장 대신 고춧가루를 사용하면 칼로리를 줄일 수 있어요!,"김치, 두부, 양파, 고추장, 물",저칼로리 김치찌개 레시피! 김치찌개도 다이어트 식단에 포함할 수 있어요! #다이어트레시피 #저칼로리김치찌개,다이어트 레시피
290,55,브로콜리 닭가슴살 볶음,@HealthyCooking,브로콜리는 너무 익히지 말고 아삭한 식감을 유지하세요.,"브로콜리, 닭가슴살, 간장, 마늘",브로콜리와 닭가슴살로 만든 건강한 볶음 요리! 맛도 영양도 모두 잡았어요. #건강식 #볶음 #브로콜리,건강식 요리
290,60,닭가슴살 볶음밥,@EasyCooking,"야채는 아삭하게, 닭가슴살은 촉촉하게!","닭가슴살, 밥, 야채, 간장","닭가슴살 볶음밥 레시피 공유합니다! 닭가슴살, 밥, 야채를 볶아서 간장으로 간을 맞추면 끝! #닭가슴살 #볶음밥 #간단요리",닭가슴살 요리
290,55,돼지고기 삼겹살 구이,@bbq_master,고기를 구울 때 중간중간 기름을 제거하면서 구워주는 것,"삼겹살, 소금, 후추, 마늘, 고추장","돼지고기 삼겹살 구이 레시피! 삼겹살, 소금, 후추, 마늘, 고추장을 준비하세요. 삼겹살을 구워서 소금, 후추, 마늘, 고추장과 함께 먹으면 완성! 삼겹살 구이의 비법은 고기를 구울 때 중간중간 기름을 제거하면서 구워주는 것!",돼지고기 요리
289,67,토마토 파스타,@pastamaster,마늘을 충분히 볶아서 향을 내세요!,"파스타, 토마토, 마늘, 올리브오일",원룸 요리 최강! 냉장고에 있는 재료로 간단하게! 토마토 파스타! #원룸요리 #토마토파스타,원룸 요리
289,67,여름 과일 탕후루,@dessert_lover,과일의 수분을 잘 제거한 후 설탕물에 담가주세요!,"수박, 멜론, 설탕, 물","집에서도 탕후루 만들기! 🍉🍈 과일을 잘라서 꼬치에 꽂고, 설탕물에 담가서 얼리면 끝! #탕후루 #디저트",탕후루
289,76,크로플,@SweetTreats,아이스크림을 곁들여 먹으면 더 맛있습니다.,"크루아상 반죽, 아이스크림",크로플 레시피 공유합니다! 크루아상 반죽을 와플 메이커에 넣고 구우면 끝! 아이스크림과 함께 먹으면 더 맛있어요. #크로플 #간식,크로플
289,75,참치마요 덮밥,@easycooking,참치와 마요네즈를 잘 섞어서 밥 위에 올려주세요.,"참치캔, 마요네즈, 밥, 김",오늘의 도시락은 간단한 참치마요 덮밥! 맛있게 먹었어요. #도시락 #레시피,점심 도시락
280,55,오이냉국,@summerrecipes,오이를 얇게 썰어 시원하게 즐기세요.,"오이, 된장, 물, 참기름, 고춧가루","초간단 '오이냉국' 레시피 공유합니다! 재료는 오이, 된장, 물, 참기름, 고춧가루가 필요해요. 오이를 얇게 썰어 물에 넣고, 된장으로 간을 맞춘 후, 참기름과 고춧가루를 넣어주면 끝! 시원한 오이냉국 완성!",초간단 레시피
280,55,순두부찌개,@tofu_lover,순두부는 끓기 직전에 넣으면 부드럽게 즐길 수 있어요.,"순두부, 돼지고기, 양파, 대파, 고추, 고춧가루, 마늘, 물","집에서 간단하게! 얼큰한 순두부찌개 레시피! 순두부, 돼지고기, 양파, 대파, 고추, 고춧가루, 마늘, 물을 넣고 끓이면 끝! 순두부찌개 완성!",국물요리 레시피
280,55,깍두기,@korean_side_dish,하루 숙성으로 맛이 깊어짐,"무 1/2개, 고춧가루 2큰술, 다진 마늘 1큰술, 파 2대, 새우젓 2큰술, 설탕 1큰술","매일 먹어도 질리지 않는 깍두기 레시피! 무 1/2개, 고춧가루 2큰술, 다진 마늘 1큰술, 파 2대, 새우젓 2큰술, 설탕 1큰술을 섞어 하루 숙성! #밑반찬 #레시피",밑반찬 레시피
280,60,마라탕 집밥,@HomeChef,재료를 잘 준비해서 볶아주세요!,"마라탕 소스, 고추기름, 다진 마늘, 채소","집에서 마라탕 만들기! 마라탕 소스, 고추기름, 다진 마늘, 채소 등을 준비해서 볶아주면 끝! 맛있게 드세요! #마라탕 #집밥",마라탕 만들기
280,60,팬케이크,@breakfast_chef,반죽을 너무 많이 저으면 팬케이크가 딱딱해질 수 있어요.,"밀가루, 달걀, 우유, 설탕, 베이킹파우더",아침에 먹기 좋은 팬케이크 레시피! 버터와 메이플 시럽을 곁들여 먹으면 더 맛있어요. #아침식사 #레시피,아침식사 레시피
280,50,에어프라이어 감자튀김,@airfryerfan,감자를 얇게 썰어 에어프라이어에 넣기 전에 물기를 제거해주세요.,"감자, 소금, 식용유","집에서 간단하게 만들 수 있는 에어프라이어 감자튀김! 감자, 소금, 식용유만 있으면 돼요. 감자를 얇게 썰어 소금과 식용유를 뿌린 후, 에어프라이어에서 180도로 15분 정도 구우면 끝! 건강하고 바삭한 간식이죠! #간식레시피 #에어프라이어",간식 레시피
280,60,계란찜,@korean_home_cook,찜기에서 꺼낸 후 5분 정도 식혀서 먹으면 더 맛있어요.,"달걀 4개, 물 200ml, 소금, 참기름","맛있는 계란찜 레시피 공유합니다! 달걀 4개, 물 200ml, 소금, 참기름을 준비해주세요. 달걀을 풀고 물과 소금을 넣어 섞은 후, 찜기에 넣고 10분 정도 찐 후 참기름을 뿌려주면 완성! 팁은 찜기에서 꺼낸 후 바로 먹지 말고 5분 정도 식혀서 먹으면 더 맛있어요.",계란요리
280,50,소고기 탕수육,@chinese_cuisine,소고기를 바삭하게 튀기는 것이 포인트!,"소고기, 고추, 양파, 소스","소고기 탕수육 레시피! 소고기를 튀긴 후, 달콤한 소스를 부어주세요. 고추와 양파를 함께 볶으면 더 맛있어요! #소고기요리 #탕수육",소고기 요리
270,50,그릭 요거트 보울,@HealthyBowl,꿀은 적당히 사용하세요!,"그릭 요거트, 베리, 견과류, 꿀",다이어트 중에도 맛있게 먹을 수 있는 그릭 요거트 보울! 건강하고 맛있어요! #다이어트레시피 #그릭요거트,다이어트 레시피
270,50,아보카도 토스트,@AvocadoLover,"아보카도는 잘 익은 것을 사용하고, 레몬즙을 뿌려 산뜻하게 즐기세요.","아보카도, 빵, 레몬즙, 소금",아보카도 토스트로 건강한 아침을 시작해보세요! #건강식 #아보카도 #토스트,건강식 요리
256,65,제육볶음,@porklover_park,고기를 충분히 볶아서 양념이 잘 배이게 해주세요.,"돼지고기, 양파, 고추장","집밥으로 제일 맛있는 요리, 제육볶음! 돼지고기와 양파, 고추장으로 맛을 내면 정말 맛있어요. #집밥 #제육볶음",집밥 레시피
256,67,계피 약과,@homecook_master,계피가루를 적당히 넣어 향을 더해주세요.,"밀가루, 꿀, 참기름, 계피가루","약과 만들기! 밀가루, 꿀, 참기름, 그리고 약간의 계피가루를 넣어 더 맛있게! #홈쿠킹 #약과",약과 만들기
256,63,소고기 스테이크,@MeatLover,고기를 실온에 두었다가 구우면 더 부드럽게 즐길 수 있어요.,"소고기, 소금, 후추, 버터, 로즈마리",단백질 섭취를 위한 최고의 요리! 소고기 스테이크! 건강하고 맛있게 즐겨보세요. #소고기 #스테이크 #단백질,단백질 요리
256,67,제육볶음,@spicyfoodie,고추장을 적절히 넣어 매콤한 맛을 살려주세요.,"돼지고기, 양파, 고추장, 간장, 설탕",오늘의 도시락은 제육볶음! 매콤하게 먹으니 더 맛있어요. #제육볶음 #도시락,점심 도시락
250,60,간단 파스타,@quickmeals,마늘을 살짝 볶아서 향을 더해주세요!,"파스타, 올리브오일, 마늘, 파마산치즈",혼밥 요리로 추천하는 간단한 파스타! 냉장고에 있는 재료로 15분 만에 완성! #혼밥 #파스타,혼밥 요리
250,45,계란말이,@egglover,계란을 잘 섞어주면 더 맛있어요!,"계란, 당근, 양파, 파, 간장",야식으로 딱! 집에서 간단하게 만들 수 있는 계란말이 레시피 공유합니다. #야식 #계란말이 #레시피,야식 레시피
250,60,무말랭이 무침,@HomeCook,무말랭이는 충분히 물에 불려 물기를 잘 짜주세요.,"무말랭이, 양파, 당근, 고추, 간장, 설탕, 식초, 참기름","집밥의 필수 반찬, 무말랭이 무침! 무말랭이, 양파, 당근, 고추, 간장, 설탕, 식초, 참기름이 필요해요. 무말랭이를 물에 불려 물기를 짠 후, 양파, 당근, 고추를 넣고 간장, 설탕, 식초로 양념을 해주세요. 마지막에 참기름을 넣어주면 완성!",반찬 만들기
250,45,치킨 스테이크,@SteakMaster,버터를 충분히 사용하면 더 부드러워요!,"닭고기, 소금, 후추, 버터","간단한 치킨 스테이크 레시피! 닭고기에 소금, 후추를 뿌리고 버터를 녹인 팬에서 구워주세요. #치킨스테이크 #레시피",치킨 만들기
250,45,아보카도 샐러드,@AvocadoLovers,레몬즙을 뿌리면 아보카도가 변색되지 않아요!,"아보카도, 양상추, 토마토, 레몬즙, 올리브오일",저칼로리 아보카도 샐러드! 아보카도의 건강한 지방으로 다이어트에 도움을 주세요! #다이어트레시피 #아보카도샐러드,다이어트 레시피
250,45,채소 비빔밥,@KoreanHealthy,채소는 다양하게 사용해서 영양을 극대화하세요.,"밥, 당근, 시금치, 고추장",채소가 가득한 건강한 비빔밥! 맛있고 영양가도 높아요. #건강식 #비빔밥 #채소,건강식 요리
250,50,닭가슴살 크림 파스타,@PastaChef,"크림소스는 끓이지 말고, 저어가며 조리하세요.","닭가슴살, 파스타, 크림소스",닭가슴살 크림 파스타! 닭가슴살과 크림소스를 이용한 파스타 레시피입니다. #닭가슴살 #파스타 #크림소스,닭가슴살 요리
250,45,소고기 찜,@slow_cooker,오랜 시간 끓여서 부드럽게 만드는 것이 중요해요!,"소고기, 양파, 당근, 감자","소고기 찜 레시피! 소고기를 넣고 끓인 찜은 부드럽고 맛있어요. 양파, 당근, 감자를 넣고 끓여주세요. #소고기요리 #찜",소고기 요리
230,40,단호박 스무디,@SmoothieQueen,단호박은 삶아서 사용하면 더 부드러워요!,"단호박, 바나나, 아몬드밀크, 꿀",다이어트 중에도 맛있게 먹을 수 있는 단호박 스무디! 간단하고 건강해요! #다이어트레시피 #단호박스무디,다이어트 레시피
230,40,치아씨 푸딩,@HealthySnacks,치아씨는 충분히 불려서 사용하세요.,"치아씨, 아몬드밀크, 베리, 꿀",건강한 간식을 찾고 계신가요? 이 치아씨 푸딩을 추천해요! #건강식 #치아씨 #푸딩,건강식 요리
220,40,간단 라면,@ramenexpert,라면 스프를 조금만 넣고 간장으로 간을 맞추면 더 맛있어요!,"라면, 물, 양파, 양배추, 간장",야식으로 딱 좋은 간단한 라면 레시피! 집에 있는 재료로 5분이면 뚝딱! #야식 #라면 #레시피,야식 레시피
220,40,치킨 카레,@CurryChef,카레 가루를 충분히 푹 끓이세요!,"닭고기, 카레 가루",집에서 만드는 치킨 카레! 닭고기에 카레 가루를 넣고 stew처럼 끓이면 끝! #치킨카레 #홈쿡,치킨 만들기
220,50,스무디볼,@smoothie_lover,견과류는 고소한 맛을 위해 살짝 볶아서 사용하세요.,"바나나, 베리류, 견과류, 요거트",건강한 아침식사로 스무디볼 어떠세요? 다양한 과일과 견과류를 넣어 영양가득! #아침식사 #레시피,아침식사 레시피
220,50,계란밥,@quick_meals,달걀을 풀 때 소금을 살짝 넣어주면 더 맛있어요.,"달걀 2개, 밥 한 공기, 간장, 참기름, 소금","간단하고 맛있는 계란밥! 달걀 2개, 밥 한 공기, 간장, 참기름을 준비해주세요. 달걀을 풀고 밥과 섞은 후, 팬에 기름을 두르고 볶아주세요. 간장과 참기름을 넣어 마무리! 팁은 달걀을 풀 때 소금을 살짝 넣어주면 더 맛있어요.",계란요리
220,45,닭가슴살 샌드위치,@SandwichMaker,"빵은 바삭하게, 닭가슴살은 부드럽게!","닭가슴살, 빵, 채소, 소스","닭가슴살 샌드위치! 닭가슴살을 구워서 빵 사이에 넣고, 신선한 채소와 소스를 곁들이면 완성! #닭가슴살 #샌드위치 #간편식",닭가슴살 요리
220,40,소고기 샤브샤브,@hot_pot_lover,소고기를 얇게 썰어 빠르게 익히는 것이 포인트!,"소고기, 육수, 채소",소고기 샤브샤브 레시피! 소고기를 얇게 썰어 육수에 넣고 익혀주세요. 다양한 채소와 함께 먹으면 더 맛있어요! #소고기요리 #샤브샤브,소고기 요리
210,50,된장찌개,@doenjang_fan,"된장을 충분히 풀어주고, 끓인 후 한번 더 저어주세요.","된장, 두부, 양파","집밥으로 제일 간단한 요리, 된장찌개! 된장과 두부, 양파만 있으면 누구나 쉽게 만들 수 있어요. #집밥 #된장찌개",집밥 레시피
210,45,감자전,@potatofan,감자를 곱게 갈아서 물기를 꼭 짜내세요!,"감자, 밀가루, 달걀, 소금",원룸에서도 맛있게! 냉장고에 있는 재료로 간단하게! 감자전! #원룸요리 #감자전,원룸 요리
210,45,사과 배 탕후루,@snack_time,과일을 얇게 썰어서 설탕물에 빠르게 담가주세요!,"사과, 배, 설탕, 물","탕후루 만들기 너무 쉬워요! 🍏🍐 과일을 준비하고, 설탕물에 담가서 얼리기만 하면 끝! #탕후루 #간식",탕후루
210,55,크로플,@FoodieLife,와플 메이커에 기름을 살짝 바르면 더 바삭하게 완성됩니다.,크루아상 반죽,크로플 만들기! 크루아상 반죽을 와플 메이커에 넣고 구우면 끝! 집에서 간단하게 만들 수 있는 간식입니다. #크로플 #홈메이드,크로플
210,35,버섯 볶음밥,@MushroomMagic,버섯은 다양한 종류를 사용하면 더 맛있어요!,"버섯, 밥, 양파, 간장, 올리브오일",저칼로리 버섯 볶음밥! 버섯으로 맛있고 건강하게 다이어트 하세요! #다이어트레시피 #버섯볶음밥,다이어트 레시피
210,35,연어 샐러드,@Omega3Rich,연어는 적당히 익혀서 부드러운 식감을 유지하세요.,"연어, 채소, 올리브오일, 레몬즙",건강한 저녁 식사를 위해 만든 연어 샐러드! 연어의 오메가3가 듬뿍! #건강식 #연어 #샐러드,건강식 요리
210,50,연어 구이,@SeafoodDelight,레몬즙을 뿌리면 연어의 맛이 더 좋아져요.,"연어, 레몬, 소금, 후추, 딜",단백질 가득한 연어 구이! 건강하고 맛있는 저녁 식사로 추천해요. #연어 #단백질 #저녁식사,단백질 요리
210,55,불고기 덮밥,@koreanfoodfan,고기를 충분히 재워서 맛을 살려주세요.,"소고기, 양파, 간장, 설탕, 참기름",오늘의 도시락은 불고기 덮밥! 간단하지만 맛있어요. #불고기 #도시락,점심 도시락
210,55,두부야채볶음,@veggie_chef,야채를 먼저 볶은 후 두부를 넣으면 두부가 물러지지 않아요.,"두부, 브로콜리, 당근, 양파, 간장, 올리브오일",두부를 활용한 건강식! 두부를 썰어서 야채와 함께 볶아주면 영양 만점 두부야채볶음 완성! #두부야채볶음 #건강식,두부요리
200,45,두부조림,@koreanfoodie,두부를 충분히 익혀서 부드럽게 만들어주세요!,"두부, 간장, 설탕, 물",혼밥족을 위한 간단한 두부조림 레시피! 두부와 양념만 있으면 뚝딱! #혼밥 #두부조림,혼밥 요리
200,35,떡꼬치,@skewerlover,고추장을 조금만 넣고 간장으로 간을 맞추면 더 맛있어요!,"떡, 양파, 양배추, 고추장, 간장",야식으로 딱! 집에서 간단하게 만들 수 있는 떡꼬치 레시피 공유합니다. #야식 #떡꼬치 #레시피,야식 레시피
200,35,치킨 샐러드,@SaladLover,닭고기를 부드럽게 삶아주세요!,"닭고기, 마요네즈","간단한 치킨 샐러드 레시피! 닭고기를 삶아서 채 썬 후, 마요네즈와 함께 버무려주세요. #치킨샐러드 #레시피",치킨 만들기
200,30,시금치 샐러드,@SpinachLovers,시금치는 데치면 더 부드러워져요!,"시금치, 양파, 토마토, 드레싱",다이어트 중에도 맛있게 먹을 수 있는 시금치 샐러드! 건강하고 맛있어요! #다이어트레시피 #시금치샐러드,다이어트 레시피
200,35,소고기 스테이크 샐러드,@salad_chef,스테이크를 얇게 썰어 샐러드와 잘 어울리게 해주세요!,"소고기, 샐러드, 드레싱",소고기 스테이크 샐러드 레시피! 소고기 스테이크를 얇게 썰어 샐러드 위에 올려주세요. 드레싱으로 맛을 더해주면 완성! #소고기요리 #스테이크샐러드,소고기 요리
198,45,불고기,@bulgogi_chef,고기를 충분히 재워서 양념이 잘 배이게 해주세요.,"소고기, 양파, 간장","집밥으로 제일 맛있는 요리, 불고기! 소고기와 양파, 간장으로 맛을 내면 정말 맛있어요. #집밥 #불고기",집밥 레시피
190,30,에다마메,@HealthySnackIdeas,에다마메는 삶은 후 찬물에 헹궈서 식감을 유지하세요.,"에다마메, 소금, 레몬즙",건강한 간식을 위해 만든 에다마메! 단백질과 섬유질이 가득해요. #건강식 #에다마메 #간식,건강식 요리
189,45,견과류 약과,@baking_lover,견과류를 잘게 다져 넣어 식감을 살려주세요.,"밀가루, 꿀, 참기름, 견과류","약과 만들기 쉬워요! 밀가루, 꿀, 참기름, 그리고 약간의 견과류를 넣어 더 맛있게! #홈베이킹 #약과",약과 만들기
189,34,오렌지 포도 탕후루,@cooking_mom,설탕물을 충분히 식힌 후 과일을 담가주세요!,"오렌지, 포도, 설탕, 물","탕후루 레시피 공유합니다! 🍊🍇 과일을 꼬치에 꽂고, 설탕물에 담가서 얼리기만 하면 끝! #탕후루 #홈쿠킹",탕후루
189,43,크로플,@BakingJoy,크루아상 반죽을 냉장고에서 꺼내 실온에 두었다가 사용하면 더 잘 익습니다.,크루아상 반죽,크로플 레시피! 크루아상 반죽을 와플 메이커에 넣고 구우면 끝! 간단하고 맛있는 간식입니다. #크로플 #레시피,크로플
189,45,그릭 요거트 볼,@YogurtLover,베리와 견과류를 다양하게 넣어 영양을 극대화하세요.,"그릭 요거트, 베리, 견과류, 꿀",단백질 보충에 딱! 고단백 그릭 요거트 볼! 간단하게 만들어 먹기 좋아요. #요거트 #단백질 #간식,단백질 요리
189,43,두부조림,@homechef_lee,두부를 조리기 전에 물기를 제거하면 양념이 잘 배어요.,"두부, 간장, 설탕, 마늘, 대파, 고추장",두부를 활용한 맛있는 요리! 두부를 한 입 크기로 썰어서 양념장을 곁들여 먹으면 맛있는 두부조림 완성! #두부조림 #집밥,두부요리
187,40,김치찌개,@kimchi_stew,김치를 충분히 끓여주면 더 맛있어요.,"김치, 두부, 양파","집밥으로 제일 간단한 요리, 김치찌개! 김치와 두부, 양파만 있으면 누구나 쉽게 만들 수 있어요. #집밥 #김치찌개",집밥 레시피
180,30,라면볶음밥,@ramenlover,라면을 충분히 볶아서 바삭하게 만들어주세요!,"라면, 밥, 기름, 간장",혼밥 요리로 딱 좋은 간단한 라면 볶음밥! 라면과 밥만 있으면 10분 만에 완성! #혼밥 #라면볶음밥,혼밥 요리
180,30,간단 김밥,@kimbapfan,밥을 조금만 넣고 김을 잘 말아주면 더 맛있어요!,"김, 밥, 햄, 단무지, 시금치",야식으로 딱 좋은 간단한 김밥 레시피! 집에 있는 재료로 15분이면 뚝딱! #야식 #김밥 #레시피,야식 레시피
180,30,치킨 버거,@BurgerFan,닭고기를 잘 구워주세요!,"닭고기, 소금, 후추, 버거 번","집에서 만드는 치킨 버거! 닭고기에 소금, 후추를 뿌리고 구워서 버거 번에 넣어주세요. #치킨버거 #홈쿡",치킨 만들기
180,40,프렌치 토스트,@french_toast,빵이 달걀물을 충분히 흡수하도록 시간을 주세요.,"빵, 달걀, 우유, 시나몬, 버터",프렌치 토스트는 아침식사로 최고죠! 달걀물에 적신 빵을 버터에 구워주세요. #아침식사 #레시피,아침식사 레시피
180,40,계란국,@soup_lover,달걀을 넣을 때 천천히 저어주면 더 부드럽게 완성됩니다.,"달걀 2개, 물 500ml, 대파, 소금, 참기름","맛있는 계란국 레시피! 달걀 2개, 물 500ml, 대파, 소금, 참기름을 준비해주세요. 물을 끓인 후 대파를 넣고, 달걀을 풀어 넣어주세요. 소금과 참기름으로 간을 맞춰주면 완성! 팁은 달걀을 넣을 때 천천히 저어주면 더 부드럽게 완성됩니다.",계란요리
180,30,소고기 김치찌개,@korean_stew,김치를 충분히 익혀서 깊은 맛을 내는 것이 중요해요!,"소고기, 김치, 양파, 두부",소고기 김치찌개 레시피! 소고기와 김치를 넣고 끓인 찌개는 최고! 양파와 두부를 넣어주면 더 맛있어요. #소고기요리 #김치찌개,소고기 요리
176,35,삼겹살 구이,@porkbelly_fan,삼겹살을 충분히 익혀서 기름기를 제거해주세요.,"삼겹살, 양파, 소금","집밥으로 제일 맛있는 요리, 삼겹살 구이! 삼겹살과 양파, 소금으로 간단하게 맛을 내면 정말 맛있어요. #집밥 #삼겹살",집밥 레시피
176,29,김치찌개,@kimchifan,김치를 충분히 익혀서 맛을 내세요!,"김치, 두부, 고추장, 물",원룸에서도 맛있게! 냉장고에 있는 재료로 간단하게! 김치찌개! #원룸요리 #김치찌개,원룸 요리
175,38,닭가슴살 볶음,@HealthyCooking,간장을 적절히 사용해 맛을 내세요.,"닭가슴살, 양파, 브로콜리, 간장, 마늘",단백질 폭탄! 닭가슴살 볶음! 건강하고 맛있게 즐겨보세요. #닭가슴살 #볶음 #단백질,단백질 요리
160,25,치즈 김밥,@cheesekimbap,치즈를 마지막에 넣어서 녹여주면 더 맛있어요!,"김, 밥, 치즈, 햄, 단무지",야식으로 딱! 집에서 간단하게 만들 수 있는 치즈 김밥 레시피 공유합니다. #야식 #치즈김밥 #레시피,야식 레시피
156,23,딸기 체리 탕후루,@dessert_queen,"과일을 너무 오래 담가두지 말고, 얼릴 때 빠르게 얼리세요!","딸기, 체리, 설탕, 물","집에서 탕후루 만들기! 🍓🍒 과일을 준비하고, 설탕물에 담가서 얼리기만 하면 끝! #탕후루 #디저트",탕후루
156,32,크로플,@KitchenMagic,와플 메이커를 미리 예열하면 더 고르게 익습니다.,크루아상 반죽,크로플 만들기! 크루아상 반죽을 와플 메이커에 넣고 구우면 끝! 집에서 간단하게 만들 수 있는 간식입니다. #크로플 #홈메이드,크로플
154,22,스크램블 에그,@eggmaster,달걀을 저어주면서 익혀주세요!,"달걀, 우유, 소금, 버터",원룸 요리 최강! 냉장고에 있는 재료로 간단하게! 스크램블 에그! #원룸요리 #스크램블에그,원룸 요리
150,32,생강 약과,@cooking_fun,생강가루를 적당히 넣어 따뜻한 맛을 더해주세요.,"밀가루, 꿀, 참기름, 생강가루","집에서 약과 만들기! 밀가루, 꿀, 참기름, 그리고 약간의 생강가루를 넣어 더 맛있게! #홈쿠킹 #약과",약과 만들기
150,25,치킨 파스타,@PastaChef,닭고기를 잘 볶아주세요!,"닭고기, 파스타 소스",간단한 치킨 파스타 레시피! 닭고기를 볶아서 파스타 소스와 함께 버무려주세요. #치킨파스타 #레시피,치킨 만들기
150,30,참치 샐러드,@LunchIdeas,참치를 잘게 부수어 샐러드와 잘 섞이게 하세요.,"참치, 양상추, 토마토, 오이, 드레싱",단백질 가득한 참치 샐러드! 건강하고 맛있는 점심 식사로 추천해요. #참치 #샐러드 #단백질,단백질 요리
150,30,오트밀,@oatmeal_fan,오트밀은 끓기 전에 저어주면 덜 끈적거려요.,"오트밀, 우유, 꿀, 베리류",아침에 먹기 좋은 오트밀! 다양한 토핑으로 취향껏 즐겨보세요. #아침식사 #레시피,아침식사 레시피
150,25,소고기 탕,@soup_master,소고기를 충분히 끓여서 부드럽게 만드는 것이 포인트!,"소고기, 무, 양파",소고기 탕 레시피! 소고기를 넣고 끓인 탕은 영양 만점! 무와 양파를 넣고 끓여주세요. #소고기요리 #탕,소고기 요리
143,19,떡볶이,@tteokbokki,떡을 충분히 익혀서 쫄깃하게 만들어주세요!,"떡, 고추장, 간장, 설탕",원룸에서도 간단하게! 냉장고에 있는 재료로 간단하게! 떡볶이! #원룸요리 #떡볶이,원룸 요리
135,25,두부 김치찌개,@KoreanCuisine,김치를 충분히 익혀 맛을 내세요.,"두부, 김치, 돼지고기, 양파, 마늘",단백질 보충에 딱! 고단백 두부 김치찌개! 건강하고 맛있게 즐겨보세요. #두부 #김치찌개 #단백질,단백질 요리
132,17,라볶이,@rabokki,라면과 떡을 함께 볶아주세요!,"라면, 떡, 고추장, 간장",원룸 요리 최고! 냉장고에 있는 재료로 간단하게! 라볶이! #원룸요리 #라볶이,원룸 요리
123,18,복숭아 수박 탕후루,@snack_master,과일의 수분을 잘 제거한 후 설탕물에 담가주세요!,"복숭아, 수박, 설탕, 물","탕후루 레시피 공유합니다! 🍑🍉 과일을 잘라서 꼬치에 꽂고, 설탕물에 담가서 얼리면 끝! #탕후루 #간식",탕후루
123,28,크로플,@DessertLover,아이스크림을 곁들여 먹으면 더 맛있습니다.,"크루아상 반죽, 아이스크림",크로플 레시피 공유합니다! 크루아상 반죽을 와플 메이커에 넣고 구우면 끝! 아이스크림과 함께 먹으면 더 맛있어요. #크로플 #간식,크로플
121,15,된장찌개,@doenjangfan,된장을 충분히 풀어서 맛을 내세요!,"된장, 두부, 양파, 물",원룸에서도 맛있게! 냉장고에 있는 재료로 간단하게! 된장찌개! #원룸요리 #된장찌개,원룸 요리
120,20,닭가슴살 샌드위치,@QuickMeals,닭가슴살을 잘게 찢어 샌드위치와 잘 어울리게 하세요.,"닭가슴살, 빵, 양상추, 토마토, 마요네즈",단백질 가득한 닭가슴살 샌드위치! 간단하게 만들어 먹기 좋아요. #닭가슴살 #샌드위치 #단백질,단백질 요리
120,25,그릭 요거트 파르페,@yogurt_lover,과일은 신선한 것을 사용하세요.,"그릭 요거트, 과일, 그래놀라",간단하게 만들 수 있는 그릭 요거트 파르페! 과일과 그래놀라를 layering 해주세요. #아침식사 #레시피,아침식사 레시피
110,15,멜론 사과 탕후루,@home_cook,과일을 얇게 썰어서 설탕물에 빠르게 담가주세요!,"멜론, 사과, 설탕, 물","집에서도 탕후루 만들기! 🍈🍏 과일을 준비하고, 설탕물에 담가서 얼리기만 하면 끝! #탕후루 #홈쿠킹",탕후루
110,25,크로플,@BakingFun,와플 메이커에 기름을 살짝 바르면 더 바삭하게 완성됩니다.,크루아상 반죽,크로플 만들기! 크루아상 반죽을 와플 메이커에 넣고 구우면 끝! 집에서 간단하게 만들 수 있는 간식입니다. #크로플 #홈메이드,크로플
110,20,치아씨 푸딩,@chia_pudding,치아씨는 충분히 불어서 젤리 같은 상태가 되어야 해요.,"치아씨, 우유, 꿀, 베리류",아침에 먹기 좋은 치아씨 푸딩! 오버나이트 치아씨 푸딩으로 아침 준비 끝! #아침식사 #레시피,아침식사 레시피
105,12,배 오렌지 탕후루,@dessert_fan,설탕물을 충분히 식힌 후 과일을 담가주세요!,"배, 오렌지, 설탕, 물","탕후루 레시피 공유합니다! 🍐🍊 과일을 꼬치에 꽂고, 설탕물에 담가서 얼리기만 하면 끝! #탕후루 #디저트",탕후루
105,18,베이글 샌드위치,@bagel_fan,베이글은 살짝 토스트해서 바삭하게 만들어주세요.,"베이글, 크림치즈, 햄, 양상추",아침에 먹기 좋은 베이글 샌드위치! 크림치즈와 함께 즐겨보세요. #아침식사 #레시피,아침식사 레시피
100,15,스크램블 에그,@egg_lover,달걀은 너무 많이 저으면 딱딱해질 수 있어요.,"달걀, 우유, 햄, 치즈, 양파",간단하고 맛있는 스크램블 에그! 다양한 재료를 넣어 영양가득! #아침식사 #레시피,아침식사 레시피
